dia_semana=sábado;br=101.0;km=166.0;municipio=ARACRUZ;causa_acidente=Defeito Mecânico no Veículo;tipo_acidente=Incêndio;classificacao_acidente=Sem Vítimas;fase_dia=Plena Noite;sentido_via=Decrescente;condicao_metereologica=Céu Claro;tipo_pista=Simples;tracado_via=Reta;uso_solo=Não;pessoas=1;mortos=0;feridos_leves=0;feridos_graves=0;ilesos=1;ignorados=0;feridos=0;veiculos=1
dia_semana=quarta-feira;br=101.0;km=266.3;municipio=SERRA;causa_acidente=Falta de Atenção à Condução;tipo_acidente=Queda de ocupante de veículo;classificacao_acidente=Com Vítimas Feridas;fase_dia=Pleno dia;sentido_via=Crescente;condicao_metereologica=Céu Claro;tipo_pista=Múltipla;tracado_via=Interseção de vias;uso_solo=Sim;pessoas=1;mortos=0;feridos_leves=1;feridos_graves=0;ilesos=0;ignorados=0;feridos=1;veiculos=1
dia_semana=quarta-feira;br=101.0;km=268.3;municipio=SERRA;causa_acidente=Falta de Atenção à Condução;tipo_acidente=Capotamento;classificacao_acidente=Com Vítimas Feridas;fase_dia=Pleno dia;sentido_via=Decrescente;condicao_metereologica=Céu Claro;tipo_pista=Simples;tracado_via=Reta;uso_solo=Não;pessoas=1;mortos=0;feridos_leves=0;feridos_graves=1;ilesos=0;ignorados=0;feridos=1;veiculos=1
dia_semana=quarta-feira;br=101.0;km=140.0;municipio=LINHARES;causa_acidente=Falta de Atenção à Condução;tipo_acidente=Colisão traseira;classificacao_acidente=Com Vítimas Feridas;fase_dia=Plena Noite;sentido_via=Decrescente;condicao_metereologica=Céu Claro;tipo_pista=Dupla;tracado_via=Reta;uso_solo=Sim;pessoas=2;mortos=0;feridos_leves=1;feridos_graves=0;ilesos=1;ignorados=0;feridos=1;veiculos=2
dia_semana=quarta-feira;br=259.0;km=95.0;municipio=BAIXO GUANDU;causa_acidente=Falta de Atenção à Condução;tipo_acidente=Colisão com objeto estático;classificacao_acidente=Com Vítimas Feridas;fase_dia=Plena Noite;sentido_via=Decrescente;condicao_metereologica=Ignorado;tipo_pista=Simples;tracado_via=Reta;uso_solo=Não;pessoas=2;mortos=0;feridos_leves=0;feridos_graves=2;ilesos=0;ignorados=0;feridos=2;veiculos=1
dia_semana=quinta-feira;br=262.0;km=56.0;municipio=MARECHAL FLORIANO;causa_acidente=Desobediência às normas de trânsito pelo condutor;tipo_acidente=Colisão transversal;classificacao_acidente=Com Vítimas Feridas;fase_dia=Pleno dia;sentido_via=Decrescente;condicao_metereologica=Céu Claro;tipo_pista=Simples;tracado_via=Curva;uso_solo=Não;pessoas=2;mortos=0;feridos_leves=1;feridos_graves=0;ilesos=1;ignorados=0;feridos=1;veiculos=2
dia_semana=quinta-feira;br=482.0;km=41.5;municipio=CACHOEIRO DE ITAPEMIRIM;causa_acidente=Desobediência às normas de trânsito pelo condutor;tipo_acidente=Colisão transversal;classificacao_acidente=Com Vítimas Feridas;fase_dia=Pleno dia;sentido_via=Crescente;condicao_metereologica=Céu Claro;tipo_pista=Simples;tracado_via=Reta;uso_solo=Não;pessoas=3;mortos=0;feridos_leves=2;feridos_graves=0;ilesos=1;ignorados=0;feridos=2;veiculos=2
dia_semana=quinta-feira;br=101.0;km=111.0;municipio=VENDA NOVA DO IMIGRANTE;causa_acidente=Falta de Atenção à Condução;tipo_acidente=Colisão lateral;classificacao_acidente=Com Vítimas Feridas;fase_dia=Pleno dia;sentido_via=Decrescente;condicao_metereologica=Céu Claro;tipo_pista=Simples;tracado_via=Reta;uso_solo=Sim;pessoas=2;mortos=0;feridos_leves=1;feridos_graves=0;ilesos=0;ignorados=1;feridos=1;veiculos=2
dia_semana=quinta-feira;br=259.0;km=62.8;municipio=COLATINA;causa_acidente=Falta de Atenção à Condução;tipo_acidente=Colisão traseira;classificacao_acidente=Com Vítimas Feridas;fase_dia=Anoitecer;sentido_via=Crescente;condicao_metereologica=Céu Claro;tipo_pista=Simples;tracado_via=Reta;uso_solo=Sim;pessoas=2;mortos=0;feridos_leves=0;feridos_graves=1;ilesos=1;ignorados=0;feridos=1;veiculos=2
dia_semana=sexta-feira;br=101.0;km=150.7;municipio=LINHARES;causa_acidente=Falta de Atenção à Condução;tipo_acidente=Colisão traseira;classificacao_acidente=Com Vítimas Feridas;fase_dia=Pleno dia;sentido_via=Crescente;condicao_metereologica=Céu Claro;tipo_pista=Simples;tracado_via=Desvio Temporário;uso_solo=Sim;pessoas=3;mortos=0;feridos_leves=1;feridos_graves=0;ilesos=2;ignorados=0;feridos=1;veiculos=2
dia_semana=sexta-feira;br=262.0;km=194.5;municipio=IUNA;causa_acidente=Ultrapassagem Indevida;tipo_acidente=Colisão frontal;classificacao_acidente=Com Vítimas Fatais;fase_dia=Anoitecer;sentido_via=Crescente;condicao_metereologica=Céu Claro;tipo_pista=Simples;tracado_via=Desvio Temporário;uso_solo=Não;pessoas=3;mortos=1;feridos_leves=0;feridos_graves=0;ilesos=2;ignorados=0;feridos=0;veiculos=3
dia_semana=sexta-feira;br=262.0;km=46.1;municipio=MARECHAL FLORIANO;causa_acidente=Ingestão de Álcool;tipo_acidente=Colisão frontal;classificacao_acidente=Com Vítimas Feridas;fase_dia=Plena Noite;sentido_via=Crescente;condicao_metereologica=Céu Claro;tipo_pista=Simples;tracado_via=Reta;uso_solo=Sim;pessoas=4;mortos=0;feridos_leves=1;feridos_graves=2;ilesos=0;ignorados=1;feridos=3;veiculos=2
dia_semana=sexta-feira;br=101.0;km=144.0;municipio=LINHARES;causa_acidente=Agressão Externa;tipo_acidente=Queda de ocupante de veículo;classificacao_acidente=Com Vítimas Feridas;fase_dia=Pleno dia;sentido_via=Decrescente;condicao_metereologica=Céu Claro;tipo_pista=Simples;tracado_via=Reta;uso_solo=Sim;pessoas=2;mortos=0;feridos_leves=1;feridos_graves=0;ilesos=0;ignorados=1;feridos=1;veiculos=2
dia_semana=sexta-feira;br=101.0;km=277.0;municipio=SERRA;causa_acidente=Não guardar distância de segurança;tipo_acidente=Colisão traseira;classificacao_acidente=Com Vítimas Feridas;fase_dia=Pleno dia;sentido_via=Crescente;condicao_metereologica=Céu Claro;tipo_pista=Dupla;tracado_via=Reta;uso_solo=Não;pessoas=2;mortos=0;feridos_leves=0;feridos_graves=1;ilesos=1;ignorados=0;feridos=1;veiculos=2
dia_semana=sexta-feira;br=101.0;km=143.0;municipio=LINHARES;causa_acidente=Defeito Mecânico no Veículo;tipo_acidente=Capotamento;classificacao_acidente=Com Vítimas Feridas;fase_dia=Pleno dia;sentido_via=Decrescente;condicao_metereologica=Sol;tipo_pista=Dupla;tracado_via=Interseção de vias;uso_solo=Sim;pessoas=1;mortos=0;feridos_leves=1;feridos_graves=0;ilesos=0;ignorados=0;feridos=1;veiculos=1
dia_semana=sábado;br=101.0;km=305.9;municipio=VIANA;causa_acidente=Ingestão de Álcool;tipo_acidente=Colisão lateral;classificacao_acidente=Sem Vítimas;fase_dia=Plena Noite;sentido_via=Crescente;condicao_metereologica=Céu Claro;tipo_pista=Dupla;tracado_via=Reta;uso_solo=Não;pessoas=4;mortos=0;feridos_leves=0;feridos_graves=0;ilesos=4;ignorados=0;feridos=0;veiculos=2
dia_semana=sábado;br=101.0;km=429.4;municipio=ATILIO VIVACQUA;causa_acidente=Falta de Atenção do Pedestre;tipo_acidente=Atropelamento de Pedestre;classificacao_acidente=Com Vítimas Feridas;fase_dia=Plena Noite;sentido_via=Decrescente;condicao_metereologica=Céu Claro;tipo_pista=Simples;tracado_via=Reta;uso_solo=Não;pessoas=2;mortos=0;feridos_leves=0;feridos_graves=1;ilesos=0;ignorados=1;feridos=1;veiculos=1
dia_semana=sábado;br=101.0;km=304.6;municipio=VIANA;causa_acidente=Ingestão de álcool e/ou substâncias psicoativas pelo pedestre;tipo_acidente=Colisão com objeto estático;classificacao_acidente=Sem Vítimas;fase_dia=Plena Noite;sentido_via=Crescente;condicao_metereologica=Céu Claro;tipo_pista=Dupla;tracado_via=Curva;uso_solo=Sim;pessoas=2;mortos=0;feridos_leves=0;feridos_graves=0;ilesos=1;ignorados=1;feridos=0;veiculos=2
dia_semana=sábado;br=101.0;km=184.8;municipio=ARACRUZ;causa_acidente=Ingestão de Álcool;tipo_acidente=Colisão frontal;classificacao_acidente=Com Vítimas Fatais;fase_dia=Plena Noite;sentido_via=Decrescente;condicao_metereologica=Céu Claro;tipo_pista=Simples;tracado_via=Não Informado;uso_solo=Não;pessoas=6;mortos=1;feridos_leves=4;feridos_graves=1;ilesos=0;ignorados=0;feridos=5;veiculos=2
dia_semana=sábado;br=262.0;km=150.8;municipio=IBATIBA;causa_acidente=Velocidade Incompatível;tipo_acidente=Capotamento;classificacao_acidente=Com Vítimas Feridas;fase_dia=Plena Noite;sentido_via=Crescente;condicao_metereologica=Céu Claro;tipo_pista=Simples;tracado_via=Curva;uso_solo=Não;pessoas=1;mortos=0;feridos_leves=1;feridos_graves=0;ilesos=0;ignorados=0;feridos=1;veiculos=1
dia_semana=sábado;br=101.0;km=159.2;municipio=LINHARES;causa_acidente=Falta de Atenção à Condução;tipo_acidente=Colisão transversal;classificacao_acidente=Com Vítimas Feridas;fase_dia=Plena Noite;sentido_via=Crescente;condicao_metereologica=Céu Claro;tipo_pista=Simples;tracado_via=Interseção de vias;uso_solo=Sim;pessoas=2;mortos=0;feridos_leves=0;feridos_graves=1;ilesos=1;ignorados=0;feridos=1;veiculos=2
dia_semana=sábado;br=262.0;km=58.5;municipio=MARECHAL FLORIANO;causa_acidente=Falta de Atenção à Condução;tipo_acidente=Colisão transversal;classificacao_acidente=Com Vítimas Feridas;fase_dia=Pleno dia;sentido_via=Crescente;condicao_metereologica=Céu Claro;tipo_pista=Simples;tracado_via=Reta;uso_solo=Não;pessoas=4;mortos=0;feridos_leves=0;feridos_graves=1;ilesos=3;ignorados=0;feridos=1;veiculos=2
dia_semana=sábado;br=101.0;km=229.5;municipio=FUNDAO;causa_acidente=Desobediência às normas de trânsito pelo condutor;tipo_acidente=Colisão lateral;classificacao_acidente=Com Vítimas Feridas;fase_dia=Pleno dia;sentido_via=Crescente;condicao_metereologica=Céu Claro;tipo_pista=Múltipla;tracado_via=Reta;uso_solo=Sim;pessoas=2;mortos=0;feridos_leves=1;feridos_graves=0;ilesos=1;ignorados=0;feridos=1;veiculos=2
dia_semana=sábado;br=101.0;km=189.5;municipio=ARACRUZ;causa_acidente=Desobediência às normas de trânsito pelo condutor;tipo_acidente=Saída de leito carroçável;classificacao_acidente=Com Vítimas Feridas;fase_dia=Pleno dia;sentido_via=Crescente;condicao_metereologica=Céu Claro;tipo_pista=Simples;tracado_via=Reta;uso_solo=Não;pessoas=1;mortos=0;feridos_leves=0;feridos_graves=1;ilesos=0;ignorados=0;feridos=1;veiculos=1
dia_semana=sábado;br=101.0;km=313.6;municipio=VILA VELHA;causa_acidente=Falta de Atenção à Condução;tipo_acidente=Colisão lateral;classificacao_acidente=Com Vítimas Feridas;fase_dia=Pleno dia;sentido_via=Crescente;condicao_metereologica=Céu Claro;tipo_pista=Simples;tracado_via=Não Informado;uso_solo=Sim;pessoas=2;mortos=0;feridos_leves=1;feridos_graves=0;ilesos=0;ignorados=1;feridos=1;veiculos=2
dia_semana=sábado;br=101.0;km=215.0;municipio=IBIRACU;causa_acidente=Objeto estático sobre o leito carroçável;tipo_acidente=Colisão lateral;classificacao_acidente=Com Vítimas Feridas;fase_dia=Plena Noite;sentido_via=Crescente;condicao_metereologica=Nublado;tipo_pista=Simples;tracado_via=Curva;uso_solo=Sim;pessoas=2;mortos=0;feridos_leves=1;feridos_graves=0;ilesos=1;ignorados=0;feridos=1;veiculos=2
dia_semana=sábado;br=101.0;km=367.8;municipio=ANCHIETA;causa_acidente=Ingestão de Álcool;tipo_acidente=Saída de leito carroçável;classificacao_acidente=Com Vítimas Feridas;fase_dia=Plena Noite;sentido_via=Decrescente;condicao_metereologica=Nublado;tipo_pista=Simples;tracado_via=Curva;uso_solo=Não;pessoas=1;mortos=0;feridos_leves=1;feridos_graves=0;ilesos=0;ignorados=0;feridos=1;veiculos=1
dia_semana=sábado;br=101.0;km=235.0;municipio=SERRA;causa_acidente=Desobediência às normas de trânsito pelo condutor;tipo_acidente=Capotamento;classificacao_acidente=Sem Vítimas;fase_dia=Amanhecer;sentido_via=Crescente;condicao_metereologica=Céu Claro;tipo_pista=Simples;tracado_via=Reta;uso_solo=Não;pessoas=1;mortos=0;feridos_leves=0;feridos_graves=0;ilesos=1;ignorados=0;feridos=0;veiculos=1
dia_semana=domingo;br=262.0;km=117.5;municipio=CONCEICAO DO CASTELO;causa_acidente=Falta de Atenção à Condução;tipo_acidente=Colisão frontal;classificacao_acidente=Com Vítimas Feridas;fase_dia=Plena Noite;sentido_via=Decrescente;condicao_metereologica=Nevoeiro/Neblina;tipo_pista=Simples;tracado_via=Reta;uso_solo=Não;pessoas=2;mortos=0;feridos_leves=0;feridos_graves=1;ilesos=1;ignorados=0;feridos=1;veiculos=2
dia_semana=domingo;br=101.0;km=17.0;municipio=PEDRO CANARIO;causa_acidente=Velocidade Incompatível;tipo_acidente=Tombamento;classificacao_acidente=Com Vítimas Feridas;fase_dia=Plena Noite;sentido_via=Decrescente;condicao_metereologica=Nublado;tipo_pista=Múltipla;tracado_via=Não Informado;uso_solo=Não;pessoas=1;mortos=0;feridos_leves=1;feridos_graves=0;ilesos=0;ignorados=0;feridos=1;veiculos=1
dia_semana=domingo;br=101.0;km=146.7;municipio=LINHARES;causa_acidente=Falta de Atenção à Condução;tipo_acidente=Colisão transversal;classificacao_acidente=Com Vítimas Feridas;fase_dia=Plena Noite;sentido_via=Crescente;condicao_metereologica=Céu Claro;tipo_pista=Simples;tracado_via=Interseção de vias;uso_solo=Sim;pessoas=3;mortos=0;feridos_leves=2;feridos_graves=1;ilesos=0;ignorados=0;feridos=3;veiculos=2
dia_semana=domingo;br=482.0;km=68.4;municipio=ALEGRE;causa_acidente=Ingestão de Álcool;tipo_acidente=Colisão frontal;classificacao_acidente=Com Vítimas Feridas;fase_dia=Plena Noite;sentido_via=Decrescente;condicao_metereologica=Nublado;tipo_pista=Simples;tracado_via=Curva;uso_solo=Não;pessoas=2;mortos=0;feridos_leves=0;feridos_graves=1;ilesos=1;ignorados=0;feridos=1;veiculos=2
dia_semana=domingo;br=101.0;km=264.0;municipio=SERRA;causa_acidente=Defeito Mecânico no Veículo;tipo_acidente=Colisão traseira;classificacao_acidente=Com Vítimas Feridas;fase_dia=Plena Noite;sentido_via=Crescente;condicao_metereologica=Céu Claro;tipo_pista=Múltipla;tracado_via=Reta;uso_solo=Sim;pessoas=3;mortos=0;feridos_leves=1;feridos_graves=0;ilesos=2;ignorados=0;feridos=1;veiculos=3
dia_semana=domingo;br=101.0;km=240.0;municipio=SERRA;causa_acidente=Desobediência às normas de trânsito pelo condutor;tipo_acidente=Colisão transversal;classificacao_acidente=Com Vítimas Feridas;fase_dia=Pleno dia;sentido_via=Crescente;condicao_metereologica=Céu Claro;tipo_pista=Simples;tracado_via=Reta;uso_solo=Não;pessoas=5;mortos=0;feridos_leves=0;feridos_graves=1;ilesos=3;ignorados=1;feridos=1;veiculos=2
dia_semana=domingo;br=101.0;km=293.4;municipio=CARIACICA;causa_acidente=Ingestão de Álcool;tipo_acidente=Queda de ocupante de veículo;classificacao_acidente=Com Vítimas Feridas;fase_dia=Plena Noite;sentido_via=Decrescente;condicao_metereologica=Céu Claro;tipo_pista=Múltipla;tracado_via=Não Informado;uso_solo=Sim;pessoas=1;mortos=0;feridos_leves=1;feridos_graves=0;ilesos=0;ignorados=0;feridos=1;veiculos=1
dia_semana=domingo;br=101.0;km=377.6;municipio=ICONHA;causa_acidente=Ingestão de Álcool;tipo_acidente=Colisão com objeto estático;classificacao_acidente=Com Vítimas Feridas;fase_dia=Plena Noite;sentido_via=Crescente;condicao_metereologica=Nublado;tipo_pista=Simples;tracado_via=Curva;uso_solo=Sim;pessoas=3;mortos=0;feridos_leves=1;feridos_graves=2;ilesos=0;ignorados=0;feridos=3;veiculos=1
dia_semana=domingo;br=262.0;km=125.0;municipio=CONCEICAO DO CASTELO;causa_acidente=Ultrapassagem Indevida;tipo_acidente=Colisão frontal;classificacao_acidente=Com Vítimas Fatais;fase_dia=Plena Noite;sentido_via=Crescente;condicao_metereologica=Céu Claro;tipo_pista=Simples;tracado_via=Não Informado;uso_solo=Não;pessoas=3;mortos=2;feridos_leves=0;feridos_graves=0;ilesos=1;ignorados=0;feridos=0;veiculos=2
dia_semana=segunda-feira;br=259.0;km=59.0;municipio=COLATINA;causa_acidente=Defeito Mecânico no Veículo;tipo_acidente=Saída de leito carroçável;classificacao_acidente=Com Vítimas Feridas;fase_dia=Pleno dia;sentido_via=Crescente;condicao_metereologica=Sol;tipo_pista=Múltipla;tracado_via=Desvio Temporário;uso_solo=Não;pessoas=2;mortos=0;feridos_leves=1;feridos_graves=0;ilesos=0;ignorados=1;feridos=1;veiculos=1
dia_semana=segunda-feira;br=101.0;km=269.1;municipio=SERRA;causa_acidente=Desobediência às normas de trânsito pelo condutor;tipo_acidente=Colisão traseira;classificacao_acidente=Com Vítimas Feridas;fase_dia=Pleno dia;sentido_via=Crescente;condicao_metereologica=Sol;tipo_pista=Múltipla;tracado_via=Interseção de vias;uso_solo=Não;pessoas=2;mortos=0;feridos_leves=1;feridos_graves=0;ilesos=1;ignorados=0;feridos=1;veiculos=2
dia_semana=segunda-feira;br=101.0;km=0.5;municipio=SERRA;causa_acidente=Falta de Atenção à Condução;tipo_acidente=Tombamento;classificacao_acidente=Com Vítimas Feridas;fase_dia=Pleno dia;sentido_via=Decrescente;condicao_metereologica=Sol;tipo_pista=Múltipla;tracado_via=Reta;uso_solo=Sim;pessoas=1;mortos=0;feridos_leves=1;feridos_graves=0;ilesos=0;ignorados=0;feridos=1;veiculos=1
dia_semana=segunda-feira;br=262.0;km=29.0;municipio=VIANA;causa_acidente=Velocidade Incompatível;tipo_acidente=Colisão com objeto estático;classificacao_acidente=Sem Vítimas;fase_dia=Pleno dia;sentido_via=Decrescente;condicao_metereologica=Chuva;tipo_pista=Simples;tracado_via=Ponte;uso_solo=Não;pessoas=1;mortos=0;feridos_leves=0;feridos_graves=0;ilesos=1;ignorados=0;feridos=0;veiculos=1
dia_semana=segunda-feira;br=101.0;km=77.8;municipio=SAO MATEUS;causa_acidente=Condutor Dormindo;tipo_acidente=Saída de leito carroçável;classificacao_acidente=Com Vítimas Feridas;fase_dia=Plena Noite;sentido_via=Decrescente;condicao_metereologica=Céu Claro;tipo_pista=Simples;tracado_via=Desvio Temporário;uso_solo=Não;pessoas=1;mortos=0;feridos_leves=1;feridos_graves=0;ilesos=0;ignorados=0;feridos=1;veiculos=1
dia_semana=segunda-feira;br=101.0;km=264.5;municipio=SERRA;causa_acidente=Falta de Atenção à Condução;tipo_acidente=Colisão traseira;classificacao_acidente=Com Vítimas Feridas;fase_dia=Pleno dia;sentido_via=Decrescente;condicao_metereologica=Sol;tipo_pista=Dupla;tracado_via=Reta;uso_solo=Sim;pessoas=3;mortos=0;feridos_leves=0;feridos_graves=1;ilesos=2;ignorados=0;feridos=1;veiculos=3
dia_semana=segunda-feira;br=482.0;km=103.1;municipio=GUACUI;causa_acidente=Ingestão de Álcool;tipo_acidente=Colisão frontal;classificacao_acidente=Com Vítimas Feridas;fase_dia=Plena Noite;sentido_via=Crescente;condicao_metereologica=Nublado;tipo_pista=Simples;tracado_via=Curva;uso_solo=Não;pessoas=2;mortos=0;feridos_leves=0;feridos_graves=2;ilesos=0;ignorados=0;feridos=2;veiculos=2
dia_semana=segunda-feira;br=101.0;km=230.0;municipio=FUNDAO;causa_acidente=Falta de Atenção à Condução;tipo_acidente=Colisão transversal;classificacao_acidente=Com Vítimas Feridas;fase_dia=Plena Noite;sentido_via=Crescente;condicao_metereologica=Céu Claro;tipo_pista=Simples;tracado_via=Curva;uso_solo=Sim;pessoas=2;mortos=0;feridos_leves=0;feridos_graves=1;ilesos=1;ignorados=0;feridos=1;veiculos=2
dia_semana=segunda-feira;br=262.0;km=4.4;municipio=CARIACICA;causa_acidente=Falta de Atenção à Condução;tipo_acidente=Colisão traseira;classificacao_acidente=Com Vítimas Feridas;fase_dia=Pleno dia;sentido_via=Decrescente;condicao_metereologica=Nublado;tipo_pista=Múltipla;tracado_via=Curva;uso_solo=Sim;pessoas=2;mortos=0;feridos_leves=1;feridos_graves=0;ilesos=1;ignorados=0;feridos=1;veiculos=2
dia_semana=segunda-feira;br=101.0;km=335.0;municipio=GUARAPARI;causa_acidente=Pista Escorregadia;tipo_acidente=Tombamento;classificacao_acidente=Com Vítimas Feridas;fase_dia=Pleno dia;sentido_via=Crescente;condicao_metereologica=Nublado;tipo_pista=Simples;tracado_via=Viaduto;uso_solo=Não;pessoas=1;mortos=0;feridos_leves=1;feridos_graves=0;ilesos=0;ignorados=0;feridos=1;veiculos=1
dia_semana=segunda-feira;br=101.0;km=54.6;municipio=SAO MATEUS;causa_acidente=Falta de Atenção à Condução;tipo_acidente=Colisão lateral;classificacao_acidente=Com Vítimas Feridas;fase_dia=Pleno dia;sentido_via=Crescente;condicao_metereologica=Céu Claro;tipo_pista=Simples;tracado_via=Não Informado;uso_solo=Não;pessoas=3;mortos=0;feridos_leves=1;feridos_graves=0;ilesos=2;ignorados=0;feridos=1;veiculos=2
dia_semana=segunda-feira;br=101.0;km=70.0;municipio=SAO MATEUS;causa_acidente=Velocidade Incompatível;tipo_acidente=Colisão transversal;classificacao_acidente=Com Vítimas Feridas;fase_dia=Plena Noite;sentido_via=Crescente;condicao_metereologica=Céu Claro;tipo_pista=Simples;tracado_via=Reta;uso_solo=Não;pessoas=3;mortos=0;feridos_leves=1;feridos_graves=0;ilesos=2;ignorados=0;feridos=1;veiculos=2
dia_semana=terça-feira;br=101.0;km=292.1;municipio=CARIACICA;causa_acidente=Mal Súbito;tipo_acidente=Queda de ocupante de veículo;classificacao_acidente=Com Vítimas Feridas;fase_dia=Pleno dia;sentido_via=Decrescente;condicao_metereologica=Céu Claro;tipo_pista=Dupla;tracado_via=Reta;uso_solo=Sim;pessoas=1;mortos=0;feridos_leves=1;feridos_graves=0;ilesos=0;ignorados=0;feridos=1;veiculos=1
dia_semana=terça-feira;br=101.0;km=293.2;municipio=CARIACICA;causa_acidente=Falta de Atenção à Condução;tipo_acidente=Colisão traseira;classificacao_acidente=Com Vítimas Feridas;fase_dia=Pleno dia;sentido_via=Decrescente;condicao_metereologica=Céu Claro;tipo_pista=Múltipla;tracado_via=Reta;uso_solo=Sim;pessoas=4;mortos=0;feridos_leves=1;feridos_graves=0;ilesos=3;ignorados=0;feridos=1;veiculos=3
dia_semana=quarta-feira;br=101.0;km=294.0;municipio=CARIACICA;causa_acidente=Desobediência às normas de trânsito pelo condutor;tipo_acidente=Colisão frontal;classificacao_acidente=Com Vítimas Feridas;fase_dia=Plena Noite;sentido_via=Crescente;condicao_metereologica=Céu Claro;tipo_pista=Dupla;tracado_via=Não Informado;uso_solo=Não;pessoas=2;mortos=0;feridos_leves=0;feridos_graves=2;ilesos=0;ignorados=0;feridos=2;veiculos=2
dia_semana=quarta-feira;br=101.0;km=287.5;municipio=CARIACICA;causa_acidente=Falta de Atenção à Condução;tipo_acidente=Colisão com objeto estático;classificacao_acidente=Com Vítimas Feridas;fase_dia=Plena Noite;sentido_via=Crescente;condicao_metereologica=Céu Claro;tipo_pista=Dupla;tracado_via=Reta;uso_solo=Não;pessoas=1;mortos=0;feridos_leves=0;feridos_graves=1;ilesos=0;ignorados=0;feridos=1;veiculos=1
dia_semana=quarta-feira;br=262.0;km=19.4;municipio=VIANA;causa_acidente=Falta de Atenção à Condução;tipo_acidente=Colisão transversal;classificacao_acidente=Com Vítimas Feridas;fase_dia=Pleno dia;sentido_via=Crescente;condicao_metereologica=Nublado;tipo_pista=Simples;tracado_via=Reta;uso_solo=Sim;pessoas=2;mortos=0;feridos_leves=1;feridos_graves=0;ilesos=1;ignorados=0;feridos=1;veiculos=2
dia_semana=quarta-feira;br=262.0;km=126.7;municipio=CONCEICAO DO CASTELO;causa_acidente=Desobediência às normas de trânsito pelo condutor;tipo_acidente=Colisão com objeto em movimento;classificacao_acidente=Com Vítimas Fatais;fase_dia=Anoitecer;sentido_via=Crescente;condicao_metereologica=Céu Claro;tipo_pista=Simples;tracado_via=Curva;uso_solo=Não;pessoas=3;mortos=1;feridos_leves=0;feridos_graves=0;ilesos=2;ignorados=0;feridos=0;veiculos=3
dia_semana=quarta-feira;br=262.0;km=1.8;municipio=CARIACICA;causa_acidente=Desobediência às normas de trânsito pelo condutor;tipo_acidente=Colisão transversal;classificacao_acidente=Com Vítimas Feridas;fase_dia=Plena Noite;sentido_via=Decrescente;condicao_metereologica=Céu Claro;tipo_pista=Múltipla;tracado_via=Reta;uso_solo=Sim;pessoas=2;mortos=0;feridos_leves=1;feridos_graves=0;ilesos=0;ignorados=1;feridos=1;veiculos=2
dia_semana=quarta-feira;br=262.0;km=176.3;municipio=IBATIBA;causa_acidente=Falta de Atenção à Condução;tipo_acidente=Colisão frontal;classificacao_acidente=Com Vítimas Feridas;fase_dia=Pleno dia;sentido_via=Decrescente;condicao_metereologica=Sol;tipo_pista=Simples;tracado_via=Curva;uso_solo=Não;pessoas=2;mortos=0;feridos_leves=1;feridos_graves=0;ilesos=0;ignorados=1;feridos=1;veiculos=2
dia_semana=quarta-feira;br=101.0;km=293.0;municipio=CARIACICA;causa_acidente=Falta de Atenção à Condução;tipo_acidente=Colisão traseira;classificacao_acidente=Com Vítimas Feridas;fase_dia=Anoitecer;sentido_via=Decrescente;condicao_metereologica=Céu Claro;tipo_pista=Dupla;tracado_via=Reta;uso_solo=Sim;pessoas=13;mortos=0;feridos_leves=1;feridos_graves=2;ilesos=10;ignorados=0;feridos=3;veiculos=2
dia_semana=quarta-feira;br=484.0;km=108.3;municipio=AFONSO CLAUDIO;causa_acidente=Velocidade Incompatível;tipo_acidente=Queda de ocupante de veículo;classificacao_acidente=Com Vítimas Feridas;fase_dia=Pleno dia;sentido_via=Crescente;condicao_metereologica=Sol;tipo_pista=Simples;tracado_via=Reta;uso_solo=Não;pessoas=1;mortos=0;feridos_leves=1;feridos_graves=0;ilesos=0;ignorados=0;feridos=1;veiculos=1
dia_semana=quarta-feira;br=101.0;km=308.7;municipio=VIANA;causa_acidente=Velocidade Incompatível;tipo_acidente=Tombamento;classificacao_acidente=Com Vítimas Fatais;fase_dia=Plena Noite;sentido_via=Crescente;condicao_metereologica=Céu Claro;tipo_pista=Simples;tracado_via=Curva;uso_solo=Não;pessoas=1;mortos=1;feridos_leves=0;feridos_graves=0;ilesos=0;ignorados=0;feridos=0;veiculos=1